21,Pricilla,Silveria,2018-04-01,A,
21,Pricilla,Silveria,2018-04-02,A,
21,Pricilla,Silveria,2018-04-03,P,
21,Pricilla,Silveria,2018-04-04,A,
21,Pricilla,Silveria,2018-04-01,A,
21,Pricilla,Silveria,2018-04-02,A,
21,Pricilla,Silveria,2018-04-03,P,
21,Pricilla,Silveria,2018-04-04,A,
21,Pricilla,Silveria,2018-04-01,A,
21,Pricilla,Silveria,2018-04-02,A,
21,Pricilla,Silveria,2018-04-03,P,
21,Pricilla,Silveria,2018-04-04,A,
21,Pricilla,Silveria,2018-04-01,A,
21,Pricilla,Silveria,2018-04-02,A,
21,Pricilla,Silveria,2018-04-03,P,
21,Pricilla,Silveria,2018-04-04,A,
